{"last_tab":"1","preloader_switch":"1","preloader":"GIXUS","category_selection_1":["18"],"number_of_posts_1":"3","category_selection_2":["19"],"number_of_posts_2":"4","category_selection_3":["20"],"number_of_posts_3":"6","preloader_img":{"url":"https:\/\/wpriverthemes.com\/gixus\/wp-content\/themes\/gixus\/assets\/img\/logo-icon.png"},"colorcode1":"#000000","colorcode2":"#1f2b38","colorcode3":"#022b6d","colorcode4":"#3e00a7","colorcode5":"#ffffff","colorcode6":"#246BFD","colorcode7":"#0846C6","colorcode8":"#ff214a","colorcode9":"#f94735","colorcode10":"#04000b","colorcode11":"#666666","colorcode12":"#F7F7F7","colorcode13":"#D8E7EF","color-gra1":{"from":"#246BFD","to":"#3e00a7"},"color-gra2":{"from":"#f94735","to":"#ff214a"},"body-typography":{"color":"#666666","font-weight":"400","font-family":"Outfit","google":true,"font-size":"16px"},"h1-typography":{"font-family":"Outfit","google":true,"font-size":"40px","font-weight":600},"h2-typography":{"font-family":"Outfit","google":true,"font-size":"36px","font-weight":600},"h3-typography":{"font-family":"Outfit","google":true,"font-size":"28px","font-weight":600},"h4-typography":{"font-family":"Outfit","google":true,"font-size":"22px","font-weight":600},"h5-typography":{"font-family":"Outfit","google":true,"font-size":"18px","font-weight":600},"h6-typography":{"font-family":"Outfit","google":true,"font-size":"14px","font-weight":600},"title-typography":{"font-family":"Outfit","google":true,"font-size":"50px","font-weight":600},"subtitle-typography":{"font-family":"Outfit","google":true,"font-size":"20px","font-weight":500},"404_heading":"404","404_sub":"SORRY PAGE WAS NOT FOUND!","404_bttext":"Back to home","404_bgimg1":{"url":"https:\/\/wpriverthemes.com\/gixus\/wp-content\/themes\/gixus\/assets\/img\/shape\/44-left.png"},"404_bgimg2":{"url":"https:\/\/wpriverthemes.com\/gixus\/wp-content\/themes\/gixus\/assets\/img\/shape\/44-right.png"},"redux-backup":1}